doc_id,title,filename,kind,words,bytes,sha256
0,All's Well That Ends Well,00_allswell.txt,play,24863,129725,0846d2d2aa4c2101594d966dd0963caf1888c3338ff597c339cdd0891bca4a1a
1,As You Like It,01_asyoulikeit.txt,play,23141,120254,ec5802a50d285f366bcae5d0fc7cae74dd136264fb08336196a4986767091018
2,The Comedy of Errors,02_comedy_errors.txt,play,16461,86208,764450ff0c93f76d04f7ef512d8e403df26efd68a020e6b2d81af2c14504e775
3,Cymbeline,03_cymbeline.txt,play,29788,157488,3243c82a256c7bc1b256354db9109872115eaa981ece396d24ab2338d1a630fa
4,Love's Labours Lost,04_lll.txt,play,23404,125250,1d38cf4af0569132d0885ed50fa5080aa8be30e2570649464a62476a2a0915c5
5,Measure for Measure,05_measure.txt,play,23566,125073,4ebc6a84d73a3f5f3ee33d702b57e8489bac78650ee7d5961dd40d7274f0ea33
6,The Merry Wives of Windsor,06_merry_wives.txt,play,24126,126276,cd9741780cda890cec39a7fd6894f8fc2c4c147aca3fe5cf9cfce10a76b64966
7,The Merchant of Venice,07_merchant.txt,play,22538,117398,7c495d4e7317c1e64c113b608575fdfa67a328191e96fd99fd08ed8d6afc141b
8,A Midsummer Night's Dream,08_midsummer.txt,play,17471,92398,c5176121b73a2788c9176872e4f66268e900aad3094f8839b1743913862cc2b6
9,Much Ado About Nothing,09_much_ado.txt,play,22833,118937,6addbe23031394a8a02475e3758289a1ee2e92ce10fd268d344da95fe3966700
10,"Pericles, Prince of Tyre",10_pericles.txt,play,20037,106088,14d95dafefb4db7c770463ef2034c90ce388a3a49ca4a02fc2fa49ae48ea9552
11,Taming of the Shrew,11_taming_shrew.txt,play,22553,119106,7164c25c291c8ad98e489035df55bc3ae45847c491a05ceaf9e21fa2da954790
12,The Tempest,12_tempest.txt,play,17903,95165,ef3ee3497775085cdde1f4ed23ec7f1bcf17ac8d013e61df013eec4ae0bd34b1
13,Troilus and Cressida,13_troilus_cressida.txt,play,28183,152246,67b61a53d211f27561726f4977dbecc64b415bf564f41d2bcd6233f7ae929cfe
14,Twelfth Night,14_twelfth_night.txt,play,21845,112187,117043122281974423056ad3880aee3b220a38cf95931adf72e1ffe54a0ae4b6
15,Two Gentlemen of Verona,15_two_gentlemen.txt,play,18575,97523,bfedb0288855e60a0bfadb1d8e4349b8d76f65638193c6ceafcf2cdb9799634e
16,Winter's Tale,16_winters_tale.txt,play,26650,139512,c89e43a8d349018c368f31454184ace1091516f78c21be4db2e3cfed342adb32
17,"Henry IV, part 1",17_1henryiv.txt,play,26580,139385,3e93d24f8ac62134801df50e7d79a583fe6e1dc0d67cff4f1308c63bde4dd05d
18,"Henry IV, part 2",18_2henryiv.txt,play,28401,151207,8dbd9e5d5519039f1b07d06cbf75eec2b11d555564f57503f59570b0452fa0a8
19,Henry V,19_henryv.txt,play,27941,148911,5498cad816adac92361832efa14cdfa733d1562aa682576f55311fe1788decac
20,"Henry VI, part 1",20_1henryvi.txt,play,23354,127501,277053f1a5e8544a69764815512bb3ae58c47980857f4f620898f3793eb1d623
21,"Henry VI, part 2",21_2henryvi.txt,play,27359,146118,a7d6156f06860da660d594035e1e0cbbbad91285a4ec286d287bdc1f22d20f54
22,"Henry VI, part 3",22_3henryvi.txt,play,26515,141728,a99488867fcaf9eabe3c07ceb1776d2e2a88d7ac354e7ad2b5d85af07a7e0dfa
23,Henry VIII,23_henryviii.txt,play,26537,141626,f32b3ccedc88d6394a459d7b3e18b0e082413b090f71334680881d1589030fdf
24,King John,24_john.txt,play,22174,117580,ef90cc779f4f4cfc45db0d911c2c05198c4a2a95b82749bd41e936a40df8e7d9
25,Richard II,25_richardii.txt,play,24383,129565,2e6fbf5a62b98af43787b39afbaef4c6d9914aff69b7780a8b7d3794d29cc333
26,Richard III,26_richardiii.txt,play,32057,172113,877ffd65491942a1c236018a78cf0037cc80319200d23c9bfd2e8af311388bd9
27,Antony and Cleopatra,27_cleopatra.txt,play,27634,149813,11d3fd77a7d0c3f8910a9016311f200204cef7801ee25388e9cb4dfa47459b7b
28,Coriolanus,28_coriolanus.txt,play,29910,160623,9424555657899a0483863a359a4b92c57f2f5246e76d048d96d75800b894d402
29,Hamlet,29_hamlet.txt,play,32847,174881,7f1cdb24fb9eab75d9075e285b08cd3ae8f924ea15463394f03e6572a464a854
30,Julius Caesar,30_julius_caesar.txt,play,21158,112317,17169b16bea38f6f98dd5c3616231915d2cc1eaae0a611267a437f5b8663ee76
31,King Lear,31_lear.txt,play,28444,150721,0da3a94d6d75b8d29fe8b3c3644f6caffde663bdf012504ec40818844c656264
32,Macbeth,32_macbeth.txt,play,18699,99956,fbef46327aa6c0c91b3a68049be9f349ab273b2871f12b30b9884b48a2d7507e
33,Othello,33_othello.txt,play,28528,149947,87d169e7eb36729231822f6dabb3cb7dd1f3b40844bf8555158cb140ea69e667
34,Romeo and Juliet,34_romeo_juliet.txt,play,26502,138120,9db99b805952f44a4c0df26e80440ea0c5f48f74e6725ef350c2b5b43b78aec2
35,Timon of Athens,35_timon.txt,play,20147,107891,e96ec268b2229ff310dd334f8b33d88ab1aa78a8d3c3808080dd4c879fbea759
36,Titus Andronicus,36_titus.txt,play,22180,119118,233dac29f7de0b95a02cea5194e570700d1aaceaac9bd93f884756aad137ba82
37,The Sonnets,37_sonnets.txt,poetry,18344,95460,4504c5e44cf0093b7a1b6112aa1a7f9f0db2c6a99c920cc87a3612d55cdbfb51
38,A Lover's Complaint,38_LoversComplaint.txt,poetry,2650,14314,f7018306adad1c199e210f38d277cc1f76f11375276debc04f256f4dd6263d46
39,The Rape of Lucrece,39_RapeOfLucrece.txt,poetry,15536,84370,bd898a47db8a4b4cb702d001a59d6178df9e157370b2dcd6622caca5ce5787cb
40,Venus and Adonis,40_VenusAndAdonis.txt,poetry,10187,54183,e02448b803972fa893639af94305f48438865879fe3ec156d47f27e486edd633
41,Funeral Elegy by W.S.,41_elegy.txt,poetry,4643,25400,92badc7cba60db6f07c269827d00e25679721c33ecd1e939aad6699a6ad8789a
