mode,n,documents,terms,insert_cpu_seconds,seconds,peak_working_set_bytes,index_bytes,query_seconds,query_peak_working_set_bytes,verified
common,4000,1,1,0.011,0.045122,12804096,4095,0.046011,12771328,True
common,8000,1,1,0.042,0.076608,12947456,8095,0.073183,12779520,True
common,16000,1,1,0.174,0.213141,13234176,16095,0.208357,12853248,True
common,32000,1,1,0.707,0.741552,13746176,32096,0.780823,12861440,True
common,64000,1,1,3.629,3.672549,14880768,64096,3.349001,12873728,True
vocabulary,10000,10000,10000,0.006,0.071848,14151680,409936,0.235667,13148160,True
vocabulary,100000,100000,100000,0.033,0.301403,26501120,4183552,2.023775,24571904,True
vocabulary,1000000,500000,1000000,0.257,2.554114,147546112,39967040,20.030926,127561728,True
docs,500000,500000,0,0.007,0.05604,15728640,2000064,0.05449,15810560,True
