tau,level,word,stem,cf,df,ratio,blocked,displayed_documents,displayed_positions,seconds
,high,caesar,caesar,602,19,0.4523809523809524,False,19,602,0.334254
,mid,antony,antoni,513,6,0.14285714285714285,False,6,513,0.323204
,rare,hamlet,hamlet,470,1,0.023809523809523808,False,1,470,0.321752
0.02,high,caesar,caesar,602,19,0.4523809523809524,True,0,0,0.325568
0.02,mid,antony,antoni,513,6,0.14285714285714285,True,0,0,0.31613
0.02,rare,hamlet,hamlet,470,1,0.023809523809523808,True,0,0,0.323589
0.1,high,caesar,caesar,602,19,0.4523809523809524,True,0,0,0.325879
0.1,mid,antony,antoni,513,6,0.14285714285714285,True,0,0,0.327729
0.1,rare,hamlet,hamlet,470,1,0.023809523809523808,False,1,470,0.317543
0.2,high,caesar,caesar,602,19,0.4523809523809524,True,0,0,0.327919
0.2,mid,antony,antoni,513,6,0.14285714285714285,False,6,513,0.327076
0.2,rare,hamlet,hamlet,470,1,0.023809523809523808,False,1,470,0.326961
0.3,high,caesar,caesar,602,19,0.4523809523809524,True,0,0,0.327176
0.3,mid,antony,antoni,513,6,0.14285714285714285,False,6,513,0.31801
0.3,rare,hamlet,hamlet,470,1,0.023809523809523808,False,1,470,0.32737
0.4,high,caesar,caesar,602,19,0.4523809523809524,True,0,0,0.325271
0.4,mid,antony,antoni,513,6,0.14285714285714285,False,6,513,0.322782
0.4,rare,hamlet,hamlet,470,1,0.023809523809523808,False,1,470,0.326353
0.5,high,caesar,caesar,602,19,0.4523809523809524,False,19,602,0.314065
0.5,mid,antony,antoni,513,6,0.14285714285714285,False,6,513,0.320932
0.5,rare,hamlet,hamlet,470,1,0.023809523809523808,False,1,470,0.324325
